Timestamp, LDR1, LDR2, LDR3, LDR4, LDR5, LDR6, LDR7, LDR8, LDR9, LDR10, LDR11, LDR12, LDR13, LDR14, LDR15, LDR16, LDR17, LDR18, LDR19, LDR20, LDR21, LDR22, LDR23, LDR24, LDR25
0,85,107,585,3925,4059,4087,4088,4085,4047,4038,4034,4036,4037,4038,4032,4034,4090,4093,4086,4089,4094,4094,4087,4085,4090
14,85,120,466,3925,4058,4086,4088,4085,4045,4036,4032,4034,4035,4035,4030,4033,4089,4093,4086,4088,4094,4094,4087,4085,4091
28,85,106,432,3922,4056,4086,4088,4085,4043,4035,4031,4032,4032,4033,4028,4031,4090,4092,4085,4089,4093,4094,4087,4085,4092
42,85,107,431,3915,4053,4084,4088,4084,4041,4032,4029,4030,4030,4031,4024,4029,4089,4092,4086,4089,4093,4093,4088,4085,4093
55,84,107,437,3906,4048,4083,4087,4084,4039,4030,4027,4028,4027,4028,4021,4025,4088,4092,4085,4089,4093,4094,4088,4086,4093
69,84,107,439,3879,4041,4081,4087,4083,4039,4029,4026,4028,4028,4030,4023,4027,4089,4092,4087,4089,4093,4094,4087,4088,4094
83,84,106,441,3858,4037,4079,4085,4081,4039,4028,4026,4028,4027,4029,4023,4026,4090,4093,4087,4088,4093,4094,4087,4090,4094
97,84,105,444,2823,4010,4073,4081,4079,4038,4026,4026,4028,4028,4029,4023,4024,4089,4093,4087,4088,4093,4094,4090,4091,4095
111,84,105,445,658,3938,4061,4077,4079,4036,4024,4021,4024,4026,4025,4019,4027,4089,4093,4088,4089,4092,4094,4091,4092,4095
125,84,104,442,693,3859,4043,4072,4073,4038,4020,4018,4022,4026,4027,4019,4027,4091,4094,4088,4089,4094,4094,4091,4093,4095
139,84,103,439,620,497,3953,4048,4053,4034,4020,4020,4018,4021,4024,4021,4024,4091,4094,4090,4091,4094,4095,4093,4094,4095
152,84,103,441,703,460,3438,3991,4034,4023,4005,4003,4008,4008,4013,4012,4015,4092,4095,4091,4093,4095,4095,4094,4095,4095
166,84,103,441,654,486,921,3850,3987,4003,3982,3984,3989,3989,3995,3991,3995,4092,4095,4092,4094,4095,4095,4094,4095,4095
180,84,102,441,673,432,888,965,3838,3973,3943,3955,3960,3963,3965,3960,3963,4092,4095,4093,4094,4095,4095,4095,4095,4095
194,84,102,442,649,628,775,704,1085,3838,3825,3864,3884,3893,3895,3888,3891,4091,4095,4094,4095,4095,4095,4095,4095,4095
208,84,102,444,640,418,861,733,621,739,3508,3749,3787,3800,3805,3800,3800,4091,4095,4094,4095,4095,4095,4095,4095,4095
222,84,101,445,659,460,962,693,320,390,1780,3456,3663,3702,3712,3711,3714,4090,4095,4094,4095,4095,4095,4095,4095,4095
235,84,101,446,612,409,872,679,400,1076,401,2979,3506,3608,3630,3631,3631,4089,4095,4094,4095,4095,4095,4095,4095,4095
249,84,101,446,653,408,870,709,302,598,344,332,3159,3471,3533,3543,3548,4088,4095,4095,4095,4095,4095,4095,4095,4095
263,84,101,447,635,413,907,746,280,329,352,374,935,3234,3449,3466,3474,4087,4095,4095,4095,4095,4095,4095,4095,4095
277,84,101,444,648,423,875,734,310,267,297,478,282,3078,3397,3436,3453,4087,4095,4095,4095,4095,4095,4095,4095,4095
291,84,101,442,660,414,803,781,256,284,377,251,296,443,3194,3370,3399,4087,4095,4095,4095,4095,4095,4095,4095,4095
305,84,101,443,559,421,964,701,318,258,346,280,266,284,3122,3331,3373,4086,4095,4095,4095,4095,4095,4095,4095,4095
318,84,101,444,712,415,758,757,254,235,325,338,249,267,1618,3174,3318,4085,4095,4095,4095,4095,4095,4095,4095,4095
332,84,100,446,682,414,834,712,266,237,336,301,253,230,180,3095,3299,4085,4095,4095,4095,4095,4095,4095,4095,4095
346,84,100,445,671,413,759,728,242,260,352,272,290,221,116,3016,3254,4085,4095,4095,4095,4095,4095,4095,4095,4095
360,84,100,444,686,411,897,783,260,240,333,281,237,224,140,2771,3185,4084,4095,4095,4095,4095,4095,4095,4095,4095
374,84,100,447,698,419,886,763,272,394,336,271,248,259,120,745,3039,4082,4095,4095,4095,4095,4095,4095,4095,4095
388,84,100,447,692,416,890,717,253,264,356,274,254,278,123,259,3011,4081,4095,4095,4095,4095,4095,4095,4095,4095
401,84,99,447,705,427,900,724,259,226,338,278,314,224,122,212,2984,4079,4095,4095,4095,4095,4095,4095,4095,4095
415,84,99,446,705,440,921,968,380,240,339,285,254,223,126,213,2939,4075,4094,4095,4095,4095,4095,4095,4095,4095
429,84,99,445,825,388,908,967,272,228,310,288,248,215,113,170,2818,4070,4094,4095,4095,4095,4095,4095,4095,4095
443,84,99,446,708,412,939,795,265,238,333,297,290,261,111,194,2334,4061,4094,4095,4095,4095,4095,4095,4095,4095
457,84,99,447,782,403,952,773,258,222,340,281,275,199,114,202,748,4038,4094,4095,4095,4095,4095,4095,4095,4095
471,84,99,448,730,432,974,726,257,285,343,360,261,214,113,193,523,4031,4094,4095,4095,4095,4095,4095,4095,4095
484,84,99,449,737,430,960,710,252,231,372,295,260,217,120,183,469,4024,4094,4095,4095,4095,4095,4095,4095,4095
498,84,99,450,740,434,997,723,250,226,344,286,248,231,112,187,360,4015,4094,4095,4095,4095,4095,4095,4095,4095
512,84,99,450,747,433,986,775,250,227,354,335,247,235,111,196,336,4002,4094,4095,4095,4095,4095,4095,4095,4095
526,84,99,450,742,438,921,786,254,224,347,335,260,239,111,166,300,3985,4093,4095,4095,4095,4095,4095,4095,4095
540,84,99,450,836,440,976,798,252,224,348,293,270,228,105,190,285,3965,4091,4094,4095,4095,4095,4095,4095,4095
554,84,99,452,748,440,936,806,253,221,346,296,271,233,114,185,278,3935,4090,4094,4095,4095,4095,4095,4095,4095
567,84,99,451,751,433,914,784,252,224,335,295,219,249,117,193,277,3892,4088,4094,4095,4095,4095,4095,4095,4095
581,84,99,427,751,436,914,734,266,232,344,310,254,225,112,192,272,2224,4067,4094,4095,4095,4095,4095,4095,4095
595,84,98,435,765,437,999,793,254,237,342,294,273,223,112,200,301,711,4052,4094,4095,4095,4095,4095,4095,4095
609,84,98,431,790,435,1033,831,249,223,371,294,266,227,114,187,266,473,4048,4094,4095,4095,4095,4095,4095,4095
623,84,98,434,784,440,1033,826,246,222,343,291,264,223,110,193,281,477,4046,4094,4095,4095,4095,4095,4095,4095
637,84,98,436,774,441,1054,677,268,223,358,291,249,219,125,187,289,430,4043,4094,4095,4095,4095,4095,4095,4095
650,84,98,435,768,448,1076,810,311,225,353,297,270,216,111,188,300,431,4040,4094,4095,4095,4095,4095,4095,4095
664,84,98,434,797,436,1093,896,292,225,339,279,273,224,111,189,254,420,4035,4094,4095,4095,4095,4095,4095,4095
678,84,98,434,808,453,1079,825,258,220,350,297,272,219,110,200,253,413,4030,4094,4095,4095,4095,4095,4095,4095
692,84,98,436,827,453,1122,845,252,227,359,292,261,224,109,196,289,395,4023,4093,4095,4095,4095,4095,4095,4095
706,84,98,437,834,456,1067,825,254,218,331,293,282,221,110,197,300,425,4014,4092,4094,4095,4095,4095,4095,4095
720,84,98,437,825,448,1046,840,243,219,341,296,273,218,115,196,290,422,4003,4091,4095,4095,4095,4095,4095,4095
733,84,98,437,844,452,1125,885,268,223,360,299,283,222,110,196,289,426,3993,4090,4095,4095,4095,4095,4095,4095
747,84,98,437,843,454,1087,875,245,216,329,288,270,235,114,191,288,424,3979,4089,4094,4095,4095,4095,4095,4095
761,84,98,436,845,454,1053,868,268,225,364,302,272,216,110,201,297,436,3960,4088,4094,4095,4095,4095,4095,4095
775,84,98,437,842,453,1057,893,245,217,378,295,261,203,110,191,284,420,3938,4086,4094,4095,4095,4095,4095,4095
789,84,98,438,858,456,1070,905,247,218,419,288,271,217,116,189,302,431,3913,4085,4094,4095,4095,4095,4095,4095
803,84,98,437,875,453,1090,895,259,226,362,301,279,212,108,192,287,422,3475,4078,4094,4095,4095,4095,4095,4095
816,84,98,437,891,453,1082,915,250,219,360,296,262,214,107,194,289,418,1841,4060,4094,4095,4095,4095,4095,4095
830,84,98,436,729,457,1088,897,249,217,369,269,276,214,108,189,288,432,986,4049,4094,4095,4095,4095,4095,4095
844,84,98,437,889,461,1139,904,246,214,355,298,267,216,113,191,292,421,1087,4049,4094,4095,4095,4095,4095,4095
858,84,98,438,899,449,1185,908,251,216,370,302,289,213,109,189,277,417,1120,4047,4094,4095,4095,4095,4095,4095
872,84,97,440,913,440,1190,923,246,211,380,300,290,201,107,187,314,451,1039,4044,4094,4095,4095,4095,4095,4095
886,84,98,440,925,458,1159,938,246,215,421,316,233,218,110,182,284,423,930,4040,4094,4095,4095,4095,4095,4095
899,84,98,437,875,471,1163,893,245,220,384,312,289,226,112,190,283,423,835,4036,4094,4095,4095,4095,4095,4095
913,84,97,439,930,468,1161,910,243,215,370,318,283,221,109,193,281,422,784,4033,4094,4095,4095,4095,4095,4095
927,84,97,440,929,468,1150,940,245,209,412,310,297,228,109,191,287,415,804,4030,4094,4095,4095,4095,4095,4095
941,84,97,440,929,463,1180,932,240,210,393,313,289,225,110,195,286,419,788,4025,4094,4095,4095,4095,4095,4095
955,84,97,441,944,469,1188,978,247,211,385,326,296,212,108,186,283,417,760,4020,4094,4095,4095,4095,4095,4095
968,84,97,440,959,483,1188,977,245,227,407,317,289,223,110,188,284,408,788,4014,4094,4095,4095,4095,4095,4095
982,84,97,439,963,490,1142,970,253,212,403,324,299,228,108,190,289,413,789,4008,4094,4095,4095,4095,4095,4095
996,84,97,439,980,479,1191,884,251,208,397,316,294,227,106,197,281,416,786,4001,4094,4095,4095,4095,4095,4095
1010,84,97,441,975,474,1208,953,253,212,392,330,301,234,107,196,269,420,793,3993,4094,4095,4095,4095,4095,4095
1024,84,97,440,984,474,1204,917,242,218,402,313,298,234,108,194,286,410,791,3984,4094,4095,4095,4095,4095,4095
1038,84,97,441,992,475,1204,1008,245,209,404,308,303,233,107,200,281,417,768,3974,4094,4095,4095,4095,4095,4095
1051,84,97,441,1004,475,1233,1000,243,211,409,328,307,232,107,202,277,412,784,3964,4094,4095,4095,4095,4095,4095
1065,84,97,439,1001,472,1239,952,245,213,405,323,327,232,110,201,275,411,761,3953,4093,4095,4095,4095,4095,4095
1079,84,97,441,995,475,1260,951,243,214,388,340,298,235,108,197,297,407,767,3944,4093,4095,4095,4095,4095,4095
1093,84,97,442,1001,480,1250,972,244,221,415,325,290,226,109,195,296,409,768,3935,4093,4095,4095,4095,4095,4095
1107,84,97,442,1022,482,1277,926,247,208,433,346,300,231,108,196,297,402,778,3925,4092,4095,4095,4095,4095,4095
1121,84,97,441,1020,477,1216,951,248,209,419,346,303,228,113,191,276,403,786,3913,4092,4095,4095,4095,4095,4095
1134,84,97,444,1079,482,1224,873,251,206,408,327,311,228,106,198,302,407,760,3897,4091,4094,4095,4095,4095,4095
1148,84,97,443,1039,491,1259,985,247,210,414,350,308,227,106,205,294,421,742,3875,4090,4094,4095,4095,4095,4095
1162,84,97,443,1060,492,1237,1005,242,209,430,338,307,227,105,202,295,391,773,3726,4088,4094,4095,4095,4095,4095
1176,84,97,443,1086,486,1259,1011,241,207,440,329,302,239,106,197,274,412,763,2424,4072,4094,4095,4095,4095,4095
1190,84,97,444,1082,494,1224,980,243,204,460,316,329,245,107,200,298,406,768,932,4057,4094,4095,4095,4095,4095
1204,84,97,443,1100,493,1185,968,241,204,428,344,314,228,106,211,289,469,799,426,4051,4094,4095,4095,4095,4095
1217,84,97,444,1098,492,1296,995,243,209,445,333,330,235,108,193,299,421,760,256,4048,4094,4095,4095,4095,4095
1231,84,97,442,1110,496,1307,975,247,217,442,356,317,248,111,205,300,422,782,177,4046,4094,4095,4095,4095,4095
1245,84,97,443,1108,508,1253,1053,239,208,435,348,332,235,105,199,296,405,786,142,4045,4094,4095,4095,4095,4095
1259,84,97,442,1128,505,1261,993,242,204,442,349,328,247,105,207,295,424,784,148,4044,4094,4095,4095,4095,4095
1273,84,97,442,1149,499,1293,1009,243,206,448,347,314,252,106,203,310,426,750,150,4044,4094,4095,4095,4095,4095
1287,84,97,441,1159,507,1308,1010,240,210,424,354,321,245,104,197,301,421,768,155,4043,4094,4095,4095,4095,4095
1300,84,97,439,1168,512,1353,1032,244,207,432,347,336,256,105,207,307,428,781,153,4041,4094,4095,4095,4095,4095
1314,84,97,439,1170,509,1329,1024,243,205,427,344,329,252,107,200,309,416,775,146,4041,4094,4095,4095,4095,4095
1328,84,97,439,1173,513,1313,1030,238,203,418,336,317,234,105,192,290,416,764,149,4040,4094,4095,4095,4095,4095
1342,84,97,439,1174,521,1348,1025,245,206,415,359,329,259,107,215,298,425,770,153,4038,4094,4095,4095,4095,4095
1356,84,97,440,1174,517,1365,1024,245,202,419,353,332,238,107,213,290,422,779,152,4037,4094,4095,4095,4095,4095
1370,84,97,439,1180,515,1351,1018,240,202,419,343,328,255,107,214,312,423,806,154,4035,4094,4095,4095,4095,4095
1383,84,97,441,1174,512,1347,988,248,205,408,355,327,261,105,214,307,424,773,152,4034,4094,4095,4095,4095,4095
1397,84,97,438,1198,515,1295,1054,240,206,426,346,320,254,106,218,312,419,782,153,4033,4094,4095,4095,4095,4095
1411,84,97,438,1213,511,1269,1038,240,205,430,347,310,263,106,205,308,415,794,151,4031,4094,4095,4095,4095,4095
1425,84,97,438,1239,513,1306,1074,241,205,439,343,319,260,106,202,312,420,797,146,4029,4094,4095,4095,4095,4095
1439,84,97,439,1249,529,1282,1045,243,204,421,333,318,253,105,223,315,417,816,148,4028,4094,4095,4095,4095,4095
1453,84,96,437,1235,521,1325,1055,240,207,456,334,316,249,105,222,300,424,786,149,4026,4094,4095,4095,4095,4095
1466,84,96,438,1275,526,1340,1050,240,203,413,362,320,256,106,217,328,401,829,150,4024,4094,4095,4095,4095,4095
1480,84,97,436,1243,522,1341,1063,245,204,427,331,322,260,106,223,315,426,794,147,4021,4094,4095,4095,4095,4095
1494,84,97,436,1258,531,1330,1002,246,205,434,333,320,261,106,227,325,409,802,146,4019,4094,4095,4095,4095,4095
1508,84,97,435,1258,528,1323,1012,240,207,428,365,322,264,106,228,333,425,819,149,4016,4094,4095,4095,4095,4095
1522,84,96,436,1258,537,1315,1039,246,207,440,352,313,265,106,227,284,427,795,147,4013,4094,4095,4095,4095,4095
1536,84,96,436,1259,546,1331,1025,239,205,427,345,330,257,107,226,322,444,799,147,4009,4094,4095,4095,4095,4095
1549,84,96,436,1261,538,1337,1008,241,205,393,342,326,255,106,226,324,424,802,146,4005,4094,4095,4095,4095,4095
1563,84,96,437,1294,538,1346,1014,242,208,421,360,329,256,106,230,335,406,765,149,4001,4094,4095,4095,4095,4095
1577,84,96,437,1310,423,1388,1010,245,210,414,357,331,245,106,226,327,436,807,148,3997,4094,4095,4095,4095,4095
1591,84,96,437,1289,545,1364,973,241,205,411,373,341,257,105,226,324,431,818,148,3993,4094,4095,4095,4095,4095
1605,84,96,437,1296,540,1394,999,240,205,419,353,312,259,105,231,313,437,809,147,3988,4094,4095,4095,4095,4095
1619,84,96,438,701,547,1408,991,243,204,424,359,311,256,104,229,336,436,814,147,3983,4094,4095,4095,4095,4095
1632,84,96,437,1341,553,1364,1015,244,205,408,350,324,256,106,222,330,432,833,154,3978,4094,4095,4095,4095,4095
1646,84,96,438,1325,559,1342,1023,242,205,406,325,322,261,106,216,324,435,807,148,3973,4094,4095,4095,4095,4095
1660,84,96,438,1332,554,1355,999,242,205,400,322,328,248,106,218,346,432,828,150,3968,4094,4095,4095,4095,4095
1674,84,96,438,1327,555,1370,1004,241,210,390,327,328,255,104,224,320,431,816,148,3964,4094,4095,4095,4095,4095
1688,84,96,439,1331,560,1384,1048,244,210,396,338,332,256,105,223,320,442,838,146,3959,4094,4095,4095,4095,4095
1701,84,96,440,1357,563,1344,1045,242,204,400,351,332,259,105,224,325,432,822,151,3955,4094,4095,4095,4095,4095
1715,84,96,442,1351,564,1322,1029,241,206,396,346,328,260,105,227,345,433,828,147,3950,4094,4095,4095,4095,4095
1729,84,96,442,1364,566,1354,1027,243,207,385,340,326,261,105,237,327,435,855,149,3945,4094,4095,4095,4095,4095
1743,84,96,441,1369,566,1348,1012,243,206,401,344,330,265,103,221,345,432,845,150,3940,4094,4095,4095,4095,4095
1757,84,96,441,1390,569,1377,1034,250,203,395,338,331,263,105,225,337,444,850,157,3933,4093,4095,4095,4095,4095
1771,84,96,441,1402,574,1355,1012,242,206,399,326,324,265,106,219,340,432,830,147,3926,4093,4095,4095,4095,4095
1784,84,96,441,1400,576,1341,1043,242,208,388,324,330,270,106,224,342,440,846,152,3917,4093,4095,4095,4095,4095
1798,84,96,442,1391,571,1374,1031,242,207,391,326,330,264,107,232,316,439,845,146,3889,4093,4095,4095,4095,4095
1812,84,96,441,1421,582,1387,1035,241,211,395,327,332,246,108,227,329,441,848,146,3633,4090,4095,4095,4095,4095
1826,84,96,442,1421,580,1365,1013,239,210,387,326,325,267,117,226,316,447,865,148,2982,4082,4095,4095,4095,4095
1840,84,96,442,1429,583,1389,1011,241,207,380,313,327,270,128,227,321,444,867,146,1887,4071,4095,4095,4095,4095
1854,84,96,442,1435,580,1402,1021,244,207,384,302,314,262,126,227,335,441,819,146,1008,4063,4095,4095,4095,4095
1867,84,96,441,1427,580,1396,1007,242,206,374,315,305,257,111,218,332,436,858,151,634,4059,4095,4095,4095,4095
1881,84,96,441,1447,583,1417,1000,245,206,371,323,316,270,106,225,330,409,869,146,469,4058,4095,4095,4095,4095
1895,84,96,443,1448,579,1428,1014,243,206,370,315,306,260,104,229,329,432,845,144,356,4056,4095,4095,4095,4095
1909,84,96,443,1456,590,1413,995,239,205,371,317,306,257,104,231,333,447,850,147,315,4055,4095,4095,4095,4095
1923,84,96,443,1445,595,1417,999,242,207,392,310,295,266,104,222,335,434,849,145,291,4055,4095,4095,4095,4095
1937,84,96,441,1428,601,1407,990,244,206,392,312,287,256,104,220,338,448,854,145,270,4055,4095,4095,4095,4095
1950,84,96,442,1430,595,1453,1006,240,207,397,311,293,254,105,219,335,432,839,146,262,4054,4095,4095,4095,4095
1964,84,96,442,1459,592,1447,1006,245,208,382,320,296,249,105,224,346,434,836,147,253,4053,4095,4095,4095,4095
1978,84,96,442,1478,599,1421,995,242,206,398,317,287,240,104,223,332,444,849,148,245,4053,4095,4095,4095,4095
1992,84,96,442,1490,600,1421,996,238,206,399,322,290,214,104,223,325,446,837,146,231,4053,4095,4095,4095,4095
2006,84,96,442,1473,593,1164,964,241,206,394,322,289,230,104,221,333,440,884,148,230,4053,4094,4095,4095,4095
2020,84,96,442,1446,603,1385,1017,240,209,406,313,301,240,106,216,328,434,902,146,223,4052,4094,4095,4095,4095
2033,84,96,442,1444,605,1403,1016,243,211,394,321,296,233,106,222,338,445,882,148,223,4052,4094,4095,4095,4095
2047,84,96,442,1446,602,1405,995,242,215,390,319,297,238,104,225,341,440,885,147,221,4052,4095,4095,4095,4095
2061,84,96,442,1408,608,1415,1017,242,210,398,327,289,236,103,226,343,435,876,145,221,4051,4095,4095,4095,4095
2075,84,96,442,1430,555,1422,1028,236,211,402,325,295,243,105,229,349,449,870,146,219,4051,4094,4095,4095,4095
2089,84,96,441,1391,604,1439,1018,243,211,402,328,295,230,106,226,343,441,859,146,224,4050,4094,4095,4095,4095
2103,84,96,442,1451,613,1424,981,241,211,389,332,285,230,106,223,345,452,886,147,225,4050,4094,4095,4095,4095
2116,84,96,442,1458,612,1410,1001,245,209,380,326,291,235,105,216,341,435,852,145,230,4050,4094,4095,4095,4095
2130,84,96,442,1441,615,1441,1003,240,212,373,333,299,227,105,207,350,431,844,145,223,4049,4094,4095,4095,4095
2144,84,96,443,1338,611,1463,1005,242,212,380,314,296,232,104,220,343,444,857,146,225,4048,4094,4095,4095,4095
2158,84,96,443,1440,609,1473,1004,243,212,383,317,297,225,106,211,351,446,857,148,225,4048,4094,4095,4095,4095
2172,84,96,443,1495,612,1463,1000,242,211,365,322,295,239,105,208,347,440,854,147,224,4048,4094,4095,4095,4095
2186,84,96,444,1513,613,1465,991,239,211,366,314,301,236,105,214,332,450,865,144,226,4047,4094,4095,4095,4095
2199,84,96,445,1498,615,1466,990,242,212,329,315,303,243,105,209,341,438,861,149,221,4047,4094,4095,4095,4095
2213,84,96,445,1499,618,1464,1010,244,211,318,309,291,243,104,196,314,439,874,144,224,4046,4094,4095,4095,4095
2227,84,96,446,1523,633,1457,1005,238,212,371,309,292,232,105,201,324,434,851,148,222,4046,4094,4095,4095,4095
2241,84,96,447,1506,640,1442,1013,239,214,364,310,303,243,106,205,312,436,855,146,227,4045,4094,4095,4095,4095
2255,84,96,446,1459,644,1491,1012,252,214,376,306,298,237,107,198,316,443,876,147,225,4045,4094,4095,4095,4095
2269,84,96,446,1467,646,1469,992,240,213,375,303,302,242,107,204,312,439,878,146,223,4044,4094,4095,4095,4095
2282,84,96,447,1452,636,1448,992,239,210,378,293,296,252,105,202,310,444,882,144,224,4043,4094,4095,4095,4095
2296,84,96,447,1388,629,1285,988,241,229,368,306,299,244,106,201,303,434,872,146,227,4043,4094,4095,4095,4095
2310,84,96,447,1413,637,1463,1026,242,213,370,304,301,246,105,195,304,447,878,146,233,4042,4094,4095,4095,4095
2324,84,96,447,1421,642,1484,1023,242,217,364,304,302,249,104,209,302,433,869,144,227,4041,4094,4095,4095,4095
2338,84,96,447,1422,642,1470,1006,242,211,381,315,306,251,104,207,304,425,865,143,223,4041,4094,4095,4095,4095
2352,84,96,448,1453,647,1458,987,242,211,385,321,294,248,105,206,303,426,866,145,223,4040,4094,4095,4095,4095
2365,84,96,447,1425,650,1454,1017,246,212,371,303,291,244,104,209,307,423,874,144,225,4039,4094,4095,4095,4095
2379,84,96,448,1464,665,1432,1017,245,212,373,306,288,251,104,204,307,418,830,145,224,4038,4094,4095,4095,4095
2393,84,96,446,1442,646,1430,1039,241,208,371,310,280,244,105,207,303,416,847,145,229,4037,4094,4095,4095,4095
2407,84,96,447,1449,644,1435,1027,238,210,382,313,284,247,105,208,306,422,846,144,227,4036,4094,4095,4095,4095
2421,84,96,447,1413,658,1443,1028,240,210,376,308,288,244,107,201,309,418,841,145,226,4035,4094,4095,4095,4095
2435,84,96,447,1442,658,1430,1040,238,210,385,312,289,245,103,203,310,417,842,149,226,4034,4094,4095,4095,4095
2448,84,96,448,1415,659,1452,1044,241,210,382,319,283,245,104,204,311,422,821,147,228,4033,4094,4095,4095,4095
2462,84,96,447,1419,648,1456,1036,243,213,371,309,287,238,105,204,317,422,840,144,224,4032,4094,4095,4095,4095
2476,84,96,447,1429,652,1466,1022,237,211,385,307,292,236,104,204,312,427,823,145,227,4031,4094,4095,4095,4095
2490,84,96,448,1413,645,1435,1016,240,212,381,304,294,238,104,203,293,427,843,145,222,4029,4094,4095,4095,4095
2504,84,96,450,1414,654,1415,994,239,218,392,312,288,246,104,208,303,432,818,146,225,4028,4094,4095,4095,4095
2518,84,96,450,1460,649,1452,1025,242,210,388,318,285,244,104,202,303,424,830,145,238,4027,4094,4095,4095,4095
2531,84,96,450,1451,663,1435,1038,241,214,389,316,283,245,105,212,309,423,856,145,224,4025,4094,4095,4095,4095
2545,84,96,451,1431,664,1417,1023,238,211,374,313,297,242,105,206,307,418,840,162,230,4024,4094,4095,4095,4095
2559,84,96,451,1442,658,1444,1015,239,211,377,309,289,248,106,206,309,417,836,144,223,4022,4094,4095,4095,4095
2573,84,96,451,1431,661,1471,993,243,210,377,314,291,234,108,210,306,422,823,146,227,4021,4094,4095,4095,4095
2587,84,96,452,1421,664,1490,1010,238,210,384,319,294,240,108,204,303,416,813,144,226,4019,4094,4095,4095,4095
2601,84,96,451,1452,675,1467,1004,238,210,379,315,289,238,108,211,311,420,833,146,229,4017,4094,4095,4095,4095
2614,84,96,452,1473,667,1448,1019,238,211,381,320,293,229,107,203,305,422,810,148,225,4015,4094,4095,4095,4095
2628,84,96,453,1430,667,1443,1023,240,212,381,318,292,236,107,200,296,429,821,148,225,4013,4094,4095,4095,4095
2642,84,96,452,1462,664,1423,1036,238,213,384,315,280,239,105,205,301,407,812,145,227,4011,4094,4095,4095,4095
2656,84,96,453,1434,671,1452,1015,240,211,384,309,287,239,106,200,308,417,819,146,227,4009,4094,4095,4095,4095
2670,84,96,453,1398,678,1469,1023,241,216,386,315,292,245,106,205,312,428,826,147,226,4007,4094,4095,4095,4095
2684,84,96,452,1433,682,1490,1009,240,212,390,316,292,238,106,206,313,415,830,147,227,4004,4094,4095,4095,4095
2697,84,96,453,1398,684,1494,1009,237,212,381,317,289,241,106,207,302,417,807,145,225,4002,4094,4095,4095,4095
2711,84,96,453,1412,678,1474,1031,238,208,386,313,295,239,106,205,301,424,810,147,228,4001,4094,4095,4095,4095
2725,84,96,453,1380,680,1478,1023,242,213,398,320,296,239,107,203,298,434,807,146,227,3998,4094,4095,4095,4095
2739,84,96,453,1376,686,1440,1010,244,210,401,311,304,230,107,200,305,426,804,153,231,3996,4094,4095,4095,4095
2753,84,96,452,1355,671,1454,1014,240,209,384,322,297,236,107,202,301,430,843,145,231,3994,4094,4095,4095,4095
2767,84,96,454,1334,674,1487,1037,240,209,390,325,292,241,106,203,310,426,832,149,226,3992,4094,4095,4095,4095
2780,84,96,453,1287,673,1515,1055,241,210,390,318,300,237,107,205,308,434,809,148,228,3990,4094,4095,4095,4095
2794,84,96,453,1294,671,1513,1038,245,208,387,320,299,240,106,203,303,427,820,145,227,3988,4094,4095,4095,4095
2808,84,96,454,1365,673,1502,1024,245,207,402,326,299,241,106,205,308,429,826,146,224,3986,4094,4095,4095,4095
2822,84,96,454,1380,662,1520,1023,243,209,399,323,301,239,106,202,296,419,808,145,226,3984,4094,4095,4095,4095
2836,84,96,454,1338,662,1511,1037,243,209,395,332,294,238,106,204,311,417,826,152,225,3982,4094,4095,4095,4095
2849,84,96,454,1291,657,1529,1036,242,208,396,321,297,239,105,210,301,417,819,145,226,3980,4094,4095,4095,4095
2863,84,96,455,1325,656,1535,1063,240,210,394,323,296,240,105,203,310,416,818,146,224,3978,4094,4095,4095,4095
2877,84,96,455,1321,657,1555,1041,244,211,390,320,304,249,108,205,299,413,840,147,224,3976,4094,4095,4095,4095
2891,84,96,455,1303,655,1577,1056,239,212,407,322,312,243,106,208,292,421,846,147,226,3974,4094,4095,4095,4095
2905,84,96,455,1310,661,1587,1048,242,208,402,330,304,236,105,203,303,424,835,145,226,3972,4094,4095,4095,4095
2919,84,96,455,1308,675,1571,1048,244,212,398,331,307,242,106,203,303,420,856,147,226,3969,4094,4095,4095,4095
2932,84,96,455,1320,679,1588,1060,242,207,402,325,308,248,105,211,303,417,837,146,223,3966,4094,4095,4095,4095
2946,84,96,456,1297,678,1584,1054,244,210,392,323,302,246,106,206,301,422,799,146,225,3964,4094,4095,4095,4095
2960,84,96,456,1315,680,1555,1058,240,207,394,330,316,246,104,203,300,420,811,145,225,3962,4094,4095,4095,4095
2974,84,96,454,1356,673,1567,1068,243,207,396,323,311,245,106,202,294,425,800,144,224,3959,4094,4095,4095,4095
2988,84,96,454,1342,664,1579,1080,240,207,396,323,301,241,106,203,301,424,791,146,225,3956,4094,4095,4095,4095
3002,84,96,455,1363,678,1575,1086,240,211,408,331,312,252,107,205,297,417,790,147,224,3953,4094,4095,4095,4095
3015,84,96,455,1321,678,1557,1079,239,208,410,269,310,251,105,212,312,423,807,150,225,3950,4094,4095,4095,4095
3029,84,96,454,1325,677,1556,1064,238,207,402,317,317,248,106,210,310,430,817,148,226,3947,4094,4095,4095,4095
3043,84,96,454,1289,675,1561,1084,241,207,402,323,311,247,104,210,305,412,793,145,226,3941,4094,4095,4095,4095
3057,84,96,454,1289,678,1594,1062,238,210,408,327,309,245,106,212,311,421,791,144,228,3931,4093,4095,4095,4095
3071,84,96,455,1272,674,1605,1092,240,209,411,337,305,243,108,212,302,416,794,148,227,3903,4093,4095,4095,4095
3085,84,96,454,1295,668,1581,1109,240,211,407,327,312,252,106,205,311,427,807,148,231,3845,4092,4095,4095,4095
3098,84,96,454,1282,657,1581,1097,247,210,415,329,307,250,106,208,308,423,796,146,227,3741,4091,4095,4095,4095
3112,84,96,455,1273,655,1588,1061,241,212,424,334,305,252,106,206,311,419,819,147,223,3531,4089,4095,4095,4095
3126,84,96,453,1285,658,1620,1051,242,208,405,331,305,252,105,207,308,426,787,147,227,3280,4086,4095,4095,4095
3140,84,96,453,1285,672,1620,1071,240,210,411,332,314,258,105,211,308,424,796,148,225,2955,4083,4095,4095,4095
3154,84,96,454,1281,676,1617,1073,239,210,417,334,325,248,107,209,307,416,802,146,224,2642,4080,4095,4095,4095
3168,84,96,453,1269,666,1620,1068,240,207,403,321,315,252,105,209,304,423,806,147,227,2343,4077,4095,4095,4095
3181,84,96,454,1279,665,1643,1078,243,208,420,342,321,252,108,209,315,424,827,147,224,2035,4074,4095,4095,4095
3195,84,96,453,1283,669,1661,1068,243,206,427,331,319,245,109,216,309,422,832,148,224,1789,4072,4095,4095,4095
3209,84,96,453,1296,671,1659,1089,245,209,432,344,320,241,107,214,306,419,812,148,226,1564,4070,4095,4095,4095
3223,84,96,453,1291,678,1642,1106,244,209,425,337,322,243,105,218,312,420,808,146,223,1368,4068,4095,4095,4095
3237,84,96,452,1270,668,1667,1108,243,209,427,334,323,245,105,211,311,427,822,150,227,1205,4067,4095,4095,4095
3251,84,96,452,1269,667,1661,1109,243,210,424,339,319,256,105,222,313,424,811,148,222,1067,4066,4095,4095,4095
3264,84,96,452,1297,671,1637,1097,240,210,417,335,322,256,107,216,316,421,817,146,229,954,4065,4095,4095,4095
3278,84,96,452,1286,668,1653,1083,242,212,430,337,304,255,103,216,296,421,816,146,224,849,4064,4095,4095,4095
3292,84,96,452,1265,679,1676,1062,245,207,433,335,320,254,108,222,312,420,815,147,226,790,4063,4095,4095,4095
3306,84,96,452,1284,682,1651,1085,242,211,431,337,324,258,104,224,328,419,809,145,223,719,4063,4095,4095,4095
3320,84,96,452,1272,680,1614,1077,241,211,419,342,324,263,106,224,319,424,825,146,225,678,4062,4095,4095,4095
3334,84,97,452,1255,671,1642,1061,240,210,420,342,324,260,104,214,316,425,816,147,224,635,4062,4095,4095,4095
3347,84,96,452,1264,669,1630,1091,243,208,435,337,316,264,105,214,323,436,840,147,224,601,4061,4095,4095,4095
3361,84,96,453,1289,642,1642,1108,241,206,433,342,329,254,105,215,316,440,822,146,224,584,4062,4095,4095,4095
3375,84,96,452,1282,658,1636,1087,240,207,438,341,326,248,105,215,322,438,817,146,228,556,4061,4095,4095,4095
3389,84,96,452,1262,652,1604,1066,241,209,429,348,330,261,105,215,336,427,797,146,224,550,4061,4095,4095,4095
3403,84,96,452,1273,661,1593,1065,240,205,436,353,330,252,104,214,316,444,802,146,222,539,4061,4095,4095,4095
3417,84,96,453,1272,671,1615,1101,241,207,424,347,313,254,105,216,311,434,824,148,226,538,4061,4094,4095,4095
3430,84,97,452,1268,667,1657,1121,245,207,422,357,317,260,105,219,315,430,826,148,228,553,4061,4095,4095,4095
3444,84,96,452,1283,655,1673,1112,240,206,433,348,322,243,104,221,317,433,824,149,225,549,4061,4094,4095,4095
3458,84,96,453,1262,659,1656,1095,243,209,433,353,321,254,105,220,320,430,809,145,231,563,4061,4095,4095,4095
3472,84,96,453,1281,678,1662,1075,246,207,428,343,327,251,104,223,315,433,854,147,224,579,4061,4094,4095,4095
3486,84,96,453,1262,685,1663,1065,241,208,427,356,335,259,105,221,321,450,849,148,224,578,4061,4095,4095,4095
3500,84,96,453,1247,678,1660,1092,243,209,434,355,334,266,106,219,323,440,854,149,225,581,4061,4095,4095,4095
3513,84,97,453,1278,677,1648,1076,242,207,432,357,337,263,106,219,326,432,847,147,223,591,4061,4095,4095,4095
3527,84,97,453,1289,674,1639,1050,242,205,428,355,342,264,105,218,333,437,850,149,224,586,4060,4094,4095,4095
3541,84,96,453,1229,681,1642,1056,241,207,446,352,343,260,106,215,332,432,848,146,225,597,4061,4094,4095,4095
3555,84,96,454,1247,677,1678,1088,244,206,447,350,335,266,105,230,325,430,770,150,227,607,4061,4095,4095,4095
3569,84,96,454,1259,673,1678,1099,242,205,436,355,330,263,106,220,326,427,846,147,223,612,4061,4094,4095,4095
3583,84,96,455,1275,660,1672,1108,244,205,433,356,337,262,106,222,332,435,868,148,228,627,4060,4094,4095,4095
3596,84,97,455,1274,657,1692,1121,243,207,416,357,330,257,105,228,326,439,835,148,226,643,4061,4095,4095,4095
3610,84,97,455,1250,650,1710,1116,239,208,418,369,318,266,105,226,322,438,830,147,226,641,4061,4095,4095,4095
3624,84,97,457,1230,652,1699,1119,239,208,427,360,324,269,105,229,330,438,842,146,224,654,4061,4094,4095,4095
3638,84,97,458,1240,656,1699,1113,242,205,426,365,335,272,106,218,339,441,824,149,224,652,4061,4094,4095,4095
3652,84,97,459,1269,675,1668,1124,246,208,436,355,339,269,105,225,329,439,832,147,228,661,4060,4094,4095,4095
3666,84,97,459,1300,672,1621,1105,242,205,453,352,335,270,105,222,337,437,848,148,223,663,4060,4094,4095,4095
3679,84,97,459,1330,676,1632,1097,241,204,451,360,330,272,104,224,331,441,870,145,222,665,4060,4094,4095,4095
3693,84,97,460,1352,670,1642,1113,244,207,448,363,333,268,104,227,337,445,850,147,226,674,4060,4094,4095,4095
3707,84,97,460,1335,667,1695,1131,244,206,459,366,347,270,105,227,329,443,855,147,224,695,4060,4094,4095,4095
3721,84,97,461,1331,666,1697,1147,241,206,471,356,341,273,105,222,330,444,854,148,225,711,4060,4094,4095,4095
3735,84,97,460,1305,664,1677,1129,242,209,444,363,336,275,105,226,334,438,860,146,227,716,4060,4094,4095,4095
3749,84,97,461,1306,676,1696,1129,247,206,433,359,341,265,106,229,333,438,856,147,225,719,4060,4094,4095,4095
3762,84,97,460,1306,663,1680,1115,246,205,436,357,351,273,105,229,332,446,849,146,226,720,4059,4094,4095,4095
3776,84,97,461,1304,652,1640,1140,242,207,435,360,352,270,104,217,334,437,841,149,225,710,4059,4094,4095,4095
3790,84,97,462,1293,659,1656,1184,242,206,434,363,333,264,105,228,331,447,847,147,224,720,4059,4094,4095,4095
3804,84,97,461,1300,672,1656,1176,243,206,449,363,331,261,104,216,351,452,884,147,225,704,4059,4094,4095,4095
3818,84,97,462,1324,676,1662,1171,245,205,453,356,333,265,105,227,337,439,878,145,224,717,4059,4094,4095,4095
3832,84,97,462,1336,675,1643,1173,243,207,430,365,336,268,104,229,342,443,870,178,227,709,4058,4094,4095,4095
3845,84,97,464,1335,659,1666,1173,246,206,434,362,346,269,106,229,330,447,842,148,223,622,4057,4094,4095,4095
3859,84,97,464,1345,647,1665,1154,244,204,433,363,334,265,105,218,338,446,870,148,229,735,4058,4094,4095,4095
3873,84,97,464,1316,661,1625,1167,242,205,425,366,338,267,105,231,334,447,878,150,224,722,4058,4094,4095,4095
3887,84,97,464,1301,653,1645,1162,244,201,439,352,321,272,105,228,334,436,870,147,227,724,4057,4094,4095,4095
3901,84,97,465,1292,652,1690,1171,244,205,445,363,331,263,104,228,335,445,895,149,222,732,4057,4094,4095,4095
3915,84,97,466,1318,648,1680,1168,243,206,449,354,335,271,105,232,334,451,857,145,227,734,4057,4094,4095,4095
3928,84,97,467,1347,646,1662,1176,242,205,446,346,333,268,104,228,342,448,873,146,225,714,4057,4094,4095,4095
3942,84,97,466,1335,655,1681,1209,246,205,447,348,344,267,104,217,337,446,871,146,225,672,4056,4094,4095,4095
